,Category,Value,Group,Name
0,Historic Color,1544,1,Interior
1,Historic Color,1545,1,Interior
2,Historic Color,1546,1,Interior
3,Historic Color,1547,1,Interior
4,Historic Color,1548,1,Interior
5,Historic Color,1549,1,Interior
6,Historic Color,1550,1,Interior
7,Historic Color,1551,1,Interior
8,Historic Color,1552,1,Interior
9,Historic Color,1553,1,Interior
10,Historic Color,1554,1,Interior
11,Historic Color,1555,1,Interior
12,Historic Color,1556,1,Interior
13,Historic Color,1557,1,Interior
14,Historic Color,1558,1,Interior
15,Historic Color,1559,1,Interior
16,Historic Color,1560,1,Interior
17,Historic Color,1561,1,Interior
18,Historic Color,1562,1,Interior
19,Historic Color,1563,1,Interior
20,Historic Color,1564,1,Interior
21,Historic Color,1565,1,Interior
22,Historic Color,1566,1,Interior
23,Historic Color,1567,1,Interior
24,Historic Color,1568,1,Interior
25,Historic Color,1569,1,Interior
26,Historic Color,1570,1,Interior
27,Historic Color,1571,1,Interior
28,Historic Color,1572,1,Interior
29,Historic Color,1573,1,Interior
30,Historic Color,1574,1,Interior
31,Historic Color,1575,1,Interior
32,Historic Color,1576,1,Interior
33,Historic Color,1577,1,Interior
34,Historic Color,1578,1,Interior
35,Historic Color,1579,1,Interior
36,Historic Color,1580,1,Interior
37,Historic Color,1581,1,Interior
38,Historic Color,1582,1,Interior
39,Historic Color,1583,1,Interior
40,Historic Color,1584,1,Interior
41,Historic Color,1585,1,Interior
42,Historic Color,1586,1,Interior
43,Historic Color,1587,1,Interior
44,Historic Color,1588,1,Interior
45,Historic Color,1589,1,Interior
46,Historic Color,1590,1,Interior
47,Historic Color,1591,1,Interior
48,Historic Color,1592,1,Interior
49,Historic Color,1593,1,Interior
50,Historic Color,1594,1,Interior
51,Historic Color,1595,1,Interior
52,Historic Color,1596,1,Interior
53,Historic Color,1597,1,Interior
54,Historic Color,1598,1,Interior
55,Historic Color,1599,1,Interior
56,Historic Color,1600,1,Interior
57,Historic Color,1601,1,Interior
58,Historic Color,1602,1,Interior
59,Historic Color,1603,1,Interior
60,Historic Color,1604,1,Interior
61,Historic Color,1605,1,Interior
62,Historic Color,1606,1,Interior
63,Historic Color,1607,1,Interior
64,Historic Color,1608,1,Interior
65,Historic Color,1609,1,Interior
66,Historic Color,1610,1,Interior
67,Historic Color,1611,1,Interior
68,Historic Color,1612,1,Interior
69,Historic Color,1613,1,Interior
70,Historic Color,1614,1,Interior
71,Historic Color,1615,1,Interior
72,Historic Color,1616,1,Interior
73,Historic Color,1617,1,Interior
74,Historic Color,1618,1,Interior
75,Historic Color,1619,1,Interior
76,Historic Color,1620,1,Interior
77,Historic Color,1621,1,Interior
78,Historic Color,1622,1,Interior
79,Historic Color,1623,1,Interior
80,Historic Color,1624,2,Exterior
81,Historic Color,1625,2,Exterior
82,Historic Color,1626,2,Exterior
83,Historic Color,1627,2,Exterior
84,Historic Color,1628,2,Exterior
85,Historic Color,1629,2,Exterior
86,Historic Color,1630,2,Exterior
87,Historic Color,1631,2,Exterior
88,Historic Color,1632,2,Exterior
89,Historic Color,1633,2,Exterior
90,Historic Color,1634,2,Exterior
91,Historic Color,1635,2,Exterior
92,Historic Color,1636,2,Exterior
93,Historic Color,1637,2,Exterior
94,Historic Color,1638,2,Exterior
95,Historic Color,1639,2,Exterior
96,Historic Color,1640,2,Exterior
97,Historic Color,1641,2,Exterior
98,Historic Color,1642,2,Exterior
99,Historic Color,1643,2,Exterior
100,Historic Color,1644,2,Exterior
101,Historic Color,1645,2,Exterior
102,Historic Color,1646,2,Exterior
103,Historic Color,1647,2,Exterior
104,Historic Color,1649,2,Exterior
105,Historic Color,1650,2,Exterior
106,Historic Color,1651,2,Exterior
107,Historic Color,1652,2,Exterior
108,Historic Color,1653,2,Exterior
109,Historic Color,1654,2,Exterior
110,Historic Color,1655,2,Exterior
111,Historic Color,1656,2,Exterior
112,Historic Color,1657,2,Exterior
113,Historic Color,1658,2,Exterior
114,Historic Color,1659,2,Exterior
115,Historic Color,1660,2,Exterior
116,Historic Color,1661,2,Exterior
117,Historic Color,1662,2,Exterior
118,Historic Color,1663,2,Exterior
119,Historic Color,1664,2,Exterior
120,Historic Color,1665,2,Exterior
121,Historic Color,1666,2,Exterior
122,Historic Color,1667,2,Exterior
123,Historic Color,1668,2,Exterior
124,Historic Color,1669,2,Exterior
125,Historic Color,1670,2,Exterior
126,Historic Color,1671,2,Exterior
127,Historic Color,1672,2,Exterior
128,Historic Color,1673,2,Exterior
129,Historic Color,1675,2,Exterior
130,Historic Color,1676,2,Exterior
131,Historic Color,1677,2,Exterior
132,Historic Color,1678,2,Exterior
133,Historic Color,1679,2,Exterior
134,Historic Color,1680,2,Exterior
135,Historic Color,1681,2,Exterior
136,Historic Color,1682,2,Exterior
137,Historic Color,1683,2,Exterior
138,Historic Color,1685,2,Exterior
139,Historic Color,3146,2,Exterior
140,Living Well,1609,1,Balance
141,Living Well,1666,1,Balance
142,Living Well,1856,1,Balance
143,Living Well,1858,1,Balance
144,Living Well,1878,1,Balance
145,Living Well,2071,1,Balance
146,Living Well,2092,1,Balance
147,Living Well,2717,1,Balance
148,Living Well,2740,1,Balance
149,Living Well,2853,1,Balance
150,Living Well,3038,1,Balance
151,Living Well,11363,1,Balance
152,Living Well,1545,2,Breathe
153,Living Well,1599,2,Breathe
154,Living Well,1622,2,Breathe
155,Living Well,1723,2,Breathe
156,Living Well,1725,2,Breathe
157,Living Well,1753,2,Breathe
158,Living Well,1760,2,Breathe
159,Living Well,1766,2,Breathe
160,Living Well,1772,2,Breathe
161,Living Well,1834,2,Breathe
162,Living Well,2830,2,Breathe
163,Living Well,2933,2,Breathe
164,Living Well,1687,3,Center
165,Living Well,1688,3,Center
166,Living Well,1690,3,Center
167,Living Well,1724,3,Center
168,Living Well,1757,3,Center
169,Living Well,1759,3,Center
170,Living Well,1767,3,Center
171,Living Well,1946,3,Center
172,Living Well,1962,3,Center
173,Living Well,2703,3,Center
174,Living Well,2704,3,Center
175,Living Well,2940,3,Center
176,Living Well,1597,4,Create
177,Living Well,1598,4,Create
178,Living Well,1758,4,Create
179,Living Well,1877,4,Create
180,Living Well,1904,4,Create
181,Living Well,1928,4,Create
182,Living Well,1945,4,Create
183,Living Well,2228,4,Create
184,Living Well,2234,4,Create
185,Living Well,2277,4,Create
186,Living Well,2682,4,Create
187,Living Well,2952,4,Create
188,Living Well,1611,5,Focus
189,Living Well,1654,5,Focus
190,Living Well,1914,5,Focus
191,Living Well,1918,5,Focus
192,Living Well,1932,5,Focus
193,Living Well,1933,5,Focus
194,Living Well,1939,5,Focus
195,Living Well,1941,5,Focus
196,Living Well,2099,5,Focus
197,Living Well,2201,5,Focus
198,Living Well,2751,5,Focus
199,Living Well,2752,5,Focus
200,Living Well,1897,6,Inspire
201,Living Well,1905,6,Inspire
202,Living Well,2038,6,Inspire
203,Living Well,2044,6,Inspire
204,Living Well,2072,6,Inspire
205,Living Well,2359,6,Inspire
206,Living Well,2696,6,Inspire
207,Living Well,2723,6,Inspire
208,Living Well,2922,6,Inspire
209,Living Well,2978,6,Inspire
210,Living Well,2993,6,Inspire
211,Living Well,11289,6,Inspire
212,Living Well,1574,7,Recharge
213,Living Well,1595,7,Recharge
214,Living Well,1870,7,Recharge
215,Living Well,1876,7,Recharge
216,Living Well,1891,7,Recharge
217,Living Well,1892,7,Recharge
218,Living Well,1893,7,Recharge
219,Living Well,1898,7,Recharge
220,Living Well,1906,7,Recharge
221,Living Well,2731,7,Recharge
222,Living Well,2927,7,Recharge
223,Living Well,11317,7,Recharge
224,Living Well,1855,8,Reflect
225,Living Well,1931,8,Reflect
226,Living Well,2685,8,Reflect
227,Living Well,2688,8,Reflect
228,Living Well,2737,8,Reflect
229,Living Well,2876,8,Reflect
230,Living Well,2932,8,Reflect
231,Living Well,2934,8,Reflect
232,Living Well,2937,8,Reflect
233,Living Well,2959,8,Reflect
234,Living Well,2972,8,Reflect
235,Living Well,2977,8,Reflect
236,Living Well,1744,9,Renew
237,Living Well,1871,9,Renew
238,Living Well,2697,9,Renew
239,Living Well,2698,9,Renew
240,Living Well,2710,9,Renew
241,Living Well,2711,9,Renew
242,Living Well,2902,9,Renew
243,Living Well,2938,9,Renew
244,Living Well,2947,9,Renew
245,Living Well,11266,9,Renew
246,Living Well,11345,9,Renew
247,Living Well,11346,9,Renew
248,Living Well,1572,10,Unplug
249,Living Well,1746,10,Unplug
250,Living Well,1773,10,Unplug
251,Living Well,1787,10,Unplug
252,Living Well,1885,10,Unplug
253,Living Well,2689,10,Unplug
254,Living Well,2705,10,Unplug
255,Living Well,2754,10,Unplug
256,Living Well,2943,10,Unplug
257,Living Well,2954,10,Unplug
258,Living Well,11207,10,Unplug
259,Living Well,11353,10,Unplug
260,Living Well,1872,11,Unwind
261,Living Well,2686,11,Unwind
262,Living Well,2695,11,Unwind
263,Living Well,2724,11,Unwind
264,Living Well,2738,11,Unwind
265,Living Well,2812,11,Unwind
266,Living Well,2873,11,Unwind
267,Living Well,2949,11,Unwind
268,Living Well,2950,11,Unwind
269,Living Well,11316,11,Unwind
270,Living Well,11318,11,Unwind
271,Living Well,11332,11,Unwind
272,Designer Color Collection,40000,1,Pure + Pristine
273,Designer Color Collection,11056,1,Pure + Pristine
274,Designer Color Collection,30040,1,Pure + Pristine
275,Designer Color Collection,30122,1,Pure + Pristine
276,Designer Color Collection,30002,1,Pure + Pristine
277,Designer Color Collection,30004,1,Pure + Pristine
278,Designer Color Collection,2872,1,Pure + Pristine
279,Designer Color Collection,2857,1,Pure + Pristine
280,Designer Color Collection,2687,1,Pure + Pristine
281,Designer Color Collection,30081,1,Pure + Pristine
282,Designer Color Collection,2686,1,Pure + Pristine
283,Designer Color Collection,2685,1,Pure + Pristine
284,Designer Color Collection,30003,1,Pure + Pristine
285,Designer Color Collection,30080,1,Pure + Pristine
286,Designer Color Collection,11364,1,Pure + Pristine
287,Designer Color Collection,2071,1,Pure + Pristine
288,Designer Color Collection,30041,1,Pure + Pristine
289,Designer Color Collection,2688,1,Pure + Pristine
290,Designer Color Collection,30043,1,Pure + Pristine
291,Designer Color Collection,30121,1,Pure + Pristine
292,Designer Color Collection,2689,1,Pure + Pristine
293,Designer Color Collection,2693,1,Pure + Pristine
294,Designer Color Collection,2690,1,Pure + Pristine
295,Designer Color Collection,30082,1,Pure + Pristine
296,Designer Color Collection,30042,1,Pure + Pristine
297,Designer Color Collection,30123,1,Pure + Pristine
298,Designer Color Collection,1938,1,Pure + Pristine
299,Designer Color Collection,30120,1,Pure + Pristine
300,Designer Color Collection,2942,1,Pure + Pristine
301,Designer Color Collection,30084,1,Pure + Pristine
302,Designer Color Collection,2723,1,Pure + Pristine
303,Designer Color Collection,2691,1,Pure + Pristine
304,Designer Color Collection,30044,1,Pure + Pristine
305,Designer Color Collection,2937,1,Pure + Pristine
306,Designer Color Collection,11346,1,Pure + Pristine
307,Designer Color Collection,2953,1,Pure + Pristine
308,Designer Color Collection,30083,1,Pure + Pristine
309,Designer Color Collection,2716,1,Pure + Pristine
310,Designer Color Collection,30085,1,Pure + Pristine
311,Designer Color Collection,2876,1,Pure + Pristine
312,Designer Color Collection,30000,2,Form + Function
313,Designer Color Collection,30005,2,Form + Function
314,Designer Color Collection,30010,2,Form + Function
315,Designer Color Collection,30015,2,Form + Function
316,Designer Color Collection,30020,2,Form + Function
317,Designer Color Collection,30025,2,Form + Function
318,Designer Color Collection,30030,2,Form + Function
319,Designer Color Collection,30035,2,Form + Function
320,Designer Color Collection,30001,2,Form + Function
321,Designer Color Collection,30006,2,Form + Function
322,Designer Color Collection,30011,2,Form + Function
323,Designer Color Collection,30016,2,Form + Function
324,Designer Color Collection,30021,2,Form + Function
325,Designer Color Collection,30026,2,Form + Function
326,Designer Color Collection,30031,2,Form + Function
327,Designer Color Collection,30036,2,Form + Function
328,Designer Color Collection,30002,2,Form + Function
329,Designer Color Collection,30007,2,Form + Function
330,Designer Color Collection,30012,2,Form + Function
331,Designer Color Collection,30017,2,Form + Function
332,Designer Color Collection,30022,2,Form + Function
333,Designer Color Collection,30027,2,Form + Function
334,Designer Color Collection,30032,2,Form + Function
335,Designer Color Collection,30037,2,Form + Function
336,Designer Color Collection,30003,2,Form + Function
337,Designer Color Collection,30008,2,Form + Function
338,Designer Color Collection,30013,2,Form + Function
339,Designer Color Collection,30018,2,Form + Function
340,Designer Color Collection,30023,2,Form + Function
341,Designer Color Collection,30028,2,Form + Function
342,Designer Color Collection,30033,2,Form + Function
343,Designer Color Collection,30038,2,Form + Function
344,Designer Color Collection,30004,2,Form + Function
345,Designer Color Collection,30009,2,Form + Function
346,Designer Color Collection,30014,2,Form + Function
347,Designer Color Collection,30019,2,Form + Function
348,Designer Color Collection,30024,2,Form + Function
349,Designer Color Collection,30029,2,Form + Function
350,Designer Color Collection,30034,2,Form + Function
351,Designer Color Collection,30039,2,Form + Function
352,Designer Color Collection,30040,3,Minimal + Modern
353,Designer Color Collection,30045,3,Minimal + Modern
354,Designer Color Collection,30050,3,Minimal + Modern
355,Designer Color Collection,30055,3,Minimal + Modern
356,Designer Color Collection,30060,3,Minimal + Modern
357,Designer Color Collection,30065,3,Minimal + Modern
358,Designer Color Collection,30070,3,Minimal + Modern
359,Designer Color Collection,30075,3,Minimal + Modern
360,Designer Color Collection,30041,3,Minimal + Modern
361,Designer Color Collection,30046,3,Minimal + Modern
362,Designer Color Collection,30051,3,Minimal + Modern
363,Designer Color Collection,30056,3,Minimal + Modern
364,Designer Color Collection,30061,3,Minimal + Modern
365,Designer Color Collection,30066,3,Minimal + Modern
366,Designer Color Collection,30071,3,Minimal + Modern
367,Designer Color Collection,30076,3,Minimal + Modern
368,Designer Color Collection,30042,3,Minimal + Modern
369,Designer Color Collection,30047,3,Minimal + Modern
370,Designer Color Collection,30052,3,Minimal + Modern
371,Designer Color Collection,30057,3,Minimal + Modern
372,Designer Color Collection,30062,3,Minimal + Modern
373,Designer Color Collection,30067,3,Minimal + Modern
374,Designer Color Collection,30072,3,Minimal + Modern
375,Designer Color Collection,30077,3,Minimal + Modern
376,Designer Color Collection,30043,3,Minimal + Modern
377,Designer Color Collection,30048,3,Minimal + Modern
378,Designer Color Collection,30053,3,Minimal + Modern
379,Designer Color Collection,30058,3,Minimal + Modern
380,Designer Color Collection,30063,3,Minimal + Modern
381,Designer Color Collection,30068,3,Minimal + Modern
382,Designer Color Collection,30073,3,Minimal + Modern
383,Designer Color Collection,30078,3,Minimal + Modern
384,Designer Color Collection,30044,3,Minimal + Modern
385,Designer Color Collection,30049,3,Minimal + Modern
386,Designer Color Collection,30054,3,Minimal + Modern
387,Designer Color Collection,30059,3,Minimal + Modern
388,Designer Color Collection,30064,3,Minimal + Modern
389,Designer Color Collection,30069,3,Minimal + Modern
390,Designer Color Collection,30074,3,Minimal + Modern
391,Designer Color Collection,30079,3,Minimal + Modern
392,Designer Color Collection,30080,4,Warm + Welcoming
393,Designer Color Collection,30085,4,Warm + Welcoming
394,Designer Color Collection,30090,4,Warm + Welcoming
395,Designer Color Collection,30095,4,Warm + Welcoming
396,Designer Color Collection,30100,4,Warm + Welcoming
397,Designer Color Collection,30105,4,Warm + Welcoming
398,Designer Color Collection,30110,4,Warm + Welcoming
399,Designer Color Collection,30115,4,Warm + Welcoming
400,Designer Color Collection,30081,4,Warm + Welcoming
401,Designer Color Collection,30086,4,Warm + Welcoming
402,Designer Color Collection,30091,4,Warm + Welcoming
403,Designer Color Collection,30096,4,Warm + Welcoming
404,Designer Color Collection,30101,4,Warm + Welcoming
405,Designer Color Collection,30106,4,Warm + Welcoming
406,Designer Color Collection,30111,4,Warm + Welcoming
407,Designer Color Collection,30116,4,Warm + Welcoming
408,Designer Color Collection,30082,4,Warm + Welcoming
409,Designer Color Collection,30087,4,Warm + Welcoming
410,Designer Color Collection,30092,4,Warm + Welcoming
411,Designer Color Collection,30097,4,Warm + Welcoming
412,Designer Color Collection,30102,4,Warm + Welcoming
413,Designer Color Collection,30107,4,Warm + Welcoming
414,Designer Color Collection,30112,4,Warm + Welcoming
415,Designer Color Collection,30117,4,Warm + Welcoming
416,Designer Color Collection,30083,4,Warm + Welcoming
417,Designer Color Collection,30088,4,Warm + Welcoming
418,Designer Color Collection,30093,4,Warm + Welcoming
419,Designer Color Collection,30098,4,Warm + Welcoming
420,Designer Color Collection,30103,4,Warm + Welcoming
421,Designer Color Collection,30108,4,Warm + Welcoming
422,Designer Color Collection,30113,4,Warm + Welcoming
423,Designer Color Collection,30118,4,Warm + Welcoming
424,Designer Color Collection,30084,4,Warm + Welcoming
425,Designer Color Collection,30089,4,Warm + Welcoming
426,Designer Color Collection,30094,4,Warm + Welcoming
427,Designer Color Collection,30099,4,Warm + Welcoming
428,Designer Color Collection,30104,4,Warm + Welcoming
429,Designer Color Collection,30109,4,Warm + Welcoming
430,Designer Color Collection,30114,4,Warm + Welcoming
431,Designer Color Collection,30119,4,Warm + Welcoming
432,Designer Color Collection,30120,5,Rustic + Refined
433,Designer Color Collection,30125,5,Rustic + Refined
434,Designer Color Collection,30130,5,Rustic + Refined
435,Designer Color Collection,30135,5,Rustic + Refined
436,Designer Color Collection,30140,5,Rustic + Refined
437,Designer Color Collection,30145,5,Rustic + Refined
438,Designer Color Collection,30150,5,Rustic + Refined
439,Designer Color Collection,30155,5,Rustic + Refined
440,Designer Color Collection,30121,5,Rustic + Refined
441,Designer Color Collection,30126,5,Rustic + Refined
442,Designer Color Collection,30131,5,Rustic + Refined
443,Designer Color Collection,30136,5,Rustic + Refined
444,Designer Color Collection,30141,5,Rustic + Refined
445,Designer Color Collection,30146,5,Rustic + Refined
446,Designer Color Collection,30151,5,Rustic + Refined
447,Designer Color Collection,30156,5,Rustic + Refined
448,Designer Color Collection,30122,5,Rustic + Refined
449,Designer Color Collection,30127,5,Rustic + Refined
450,Designer Color Collection,30132,5,Rustic + Refined
451,Designer Color Collection,30137,5,Rustic + Refined
452,Designer Color Collection,30142,5,Rustic + Refined
453,Designer Color Collection,30147,5,Rustic + Refined
454,Designer Color Collection,30152,5,Rustic + Refined
455,Designer Color Collection,30157,5,Rustic + Refined
456,Designer Color Collection,30123,5,Rustic + Refined
457,Designer Color Collection,30128,5,Rustic + Refined
458,Designer Color Collection,30133,5,Rustic + Refined
459,Designer Color Collection,30138,5,Rustic + Refined
460,Designer Color Collection,30143,5,Rustic + Refined
461,Designer Color Collection,30148,5,Rustic + Refined
462,Designer Color Collection,30153,5,Rustic + Refined
463,Designer Color Collection,30158,5,Rustic + Refined
464,Designer Color Collection,30124,5,Rustic + Refined
465,Designer Color Collection,30129,5,Rustic + Refined
466,Designer Color Collection,30134,5,Rustic + Refined
467,Designer Color Collection,30139,5,Rustic + Refined
468,Designer Color Collection,30144,5,Rustic + Refined
469,Designer Color Collection,30149,5,Rustic + Refined
470,Designer Color Collection,30154,5,Rustic + Refined
471,Designer Color Collection,30159,5,Rustic + Refined
472,Designer Color Collection,30160,6,Classic + Collected
473,Designer Color Collection,30165,6,Classic + Collected
474,Designer Color Collection,30170,6,Classic + Collected
475,Designer Color Collection,30175,6,Classic + Collected
476,Designer Color Collection,30180,6,Classic + Collected
477,Designer Color Collection,30185,6,Classic + Collected
478,Designer Color Collection,30190,6,Classic + Collected
479,Designer Color Collection,30195,6,Classic + Collected
480,Designer Color Collection,30161,6,Classic + Collected
481,Designer Color Collection,30166,6,Classic + Collected
482,Designer Color Collection,30171,6,Classic + Collected
483,Designer Color Collection,30176,6,Classic + Collected
484,Designer Color Collection,30181,6,Classic + Collected
485,Designer Color Collection,30186,6,Classic + Collected
486,Designer Color Collection,30191,6,Classic + Collected
487,Designer Color Collection,30196,6,Classic + Collected
488,Designer Color Collection,30162,6,Classic + Collected
489,Designer Color Collection,30167,6,Classic + Collected
490,Designer Color Collection,30172,6,Classic + Collected
491,Designer Color Collection,30177,6,Classic + Collected
492,Designer Color Collection,30182,6,Classic + Collected
493,Designer Color Collection,30187,6,Classic + Collected
494,Designer Color Collection,30192,6,Classic + Collected
495,Designer Color Collection,30197,6,Classic + Collected
496,Designer Color Collection,30163,6,Classic + Collected
497,Designer Color Collection,30168,6,Classic + Collected
498,Designer Color Collection,30173,6,Classic + Collected
499,Designer Color Collection,30178,6,Classic + Collected
500,Designer Color Collection,30183,6,Classic + Collected
501,Designer Color Collection,30188,6,Classic + Collected
502,Designer Color Collection,30193,6,Classic + Collected
503,Designer Color Collection,30198,6,Classic + Collected
504,Designer Color Collection,30164,6,Classic + Collected
505,Designer Color Collection,30169,6,Classic + Collected
506,Designer Color Collection,30174,6,Classic + Collected
507,Designer Color Collection,30179,6,Classic + Collected
508,Designer Color Collection,30184,6,Classic + Collected
509,Designer Color Collection,30189,6,Classic + Collected
510,Designer Color Collection,30194,6,Classic + Collected
511,Designer Color Collection,30199,6,Classic + Collected
512,Top 50 Colors,2686,1,Top 50 Interior Colors
513,Top 50 Colors,2689,1,Top 50 Interior Colors
514,Top 50 Colors,1891,1,Top 50 Interior Colors
515,Top 50 Colors,2685,1,Top 50 Interior Colors
516,Top 50 Colors,2710,1,Top 50 Interior Colors
517,Top 50 Colors,1598,1,Top 50 Interior Colors
518,Top 50 Colors,2696,1,Top 50 Interior Colors
519,Top 50 Colors,2717,1,Top 50 Interior Colors
520,Top 50 Colors,11310,1,Top 50 Interior Colors
521,Top 50 Colors,2697,1,Top 50 Interior Colors
522,Top 50 Colors,11289,1,Top 50 Interior Colors
523,Top 50 Colors,2723,1,Top 50 Interior Colors
524,Top 50 Colors,2750,1,Top 50 Interior Colors
525,Top 50 Colors,2687,1,Top 50 Interior Colors
526,Top 50 Colors,2857,1,Top 50 Interior Colors
527,Top 50 Colors,1944,1,Top 50 Interior Colors
528,Top 50 Colors,11346,1,Top 50 Interior Colors
529,Top 50 Colors,2729,1,Top 50 Interior Colors
530,Top 50 Colors,1940,1,Top 50 Interior Colors
531,Top 50 Colors,11312,1,Top 50 Interior Colors
532,Top 50 Colors,11056,1,Top 50 Interior Colors
533,Top 50 Colors,2967,1,Top 50 Interior Colors
534,Top 50 Colors,2980,1,Top 50 Interior Colors
535,Top 50 Colors,2752,1,Top 50 Interior Colors
536,Top 50 Colors,2071,1,Top 50 Interior Colors
537,Top 50 Colors,2693,1,Top 50 Interior Colors
538,Top 50 Colors,2942,1,Top 50 Interior Colors
539,Top 50 Colors,1936,1,Top 50 Interior Colors
540,Top 50 Colors,1898,1,Top 50 Interior Colors
541,Top 50 Colors,1930,1,Top 50 Interior Colors
542,Top 50 Colors,2872,1,Top 50 Interior Colors
543,Top 50 Colors,2745,1,Top 50 Interior Colors
544,Top 50 Colors,2695,1,Top 50 Interior Colors
545,Top 50 Colors,2937,1,Top 50 Interior Colors
546,Top 50 Colors,2952,1,Top 50 Interior Colors
547,Top 50 Colors,2975,1,Top 50 Interior Colors
548,Top 50 Colors,2716,1,Top 50 Interior Colors
549,Top 50 Colors,11345,1,Top 50 Interior Colors
550,Top 50 Colors,1928,1,Top 50 Interior Colors
551,Top 50 Colors,2688,1,Top 50 Interior Colors
552,Top 50 Colors,2908,1,Top 50 Interior Colors
553,Top 50 Colors,2690,1,Top 50 Interior Colors
554,Top 50 Colors,2700,1,Top 50 Interior Colors
555,Top 50 Colors,2953,1,Top 50 Interior Colors
556,Top 50 Colors,11284,1,Top 50 Interior Colors
557,Top 50 Colors,2724,1,Top 50 Interior Colors
558,Top 50 Colors,1939,1,Top 50 Interior Colors
559,Top 50 Colors,11324,1,Top 50 Interior Colors
560,Top 50 Colors,3036,1,Top 50 Interior Colors
561,Top 50 Colors,2938,1,Top 50 Interior Colors
562,Top 50 Colors,2686,2,Top 50 Exterior Colors
563,Top 50 Colors,2689,2,Top 50 Exterior Colors
564,Top 50 Colors,1944,2,Top 50 Exterior Colors
565,Top 50 Colors,2685,2,Top 50 Exterior Colors
566,Top 50 Colors,2750,2,Top 50 Exterior Colors
567,Top 50 Colors,2696,2,Top 50 Exterior Colors
568,Top 50 Colors,2857,2,Top 50 Exterior Colors
569,Top 50 Colors,2700,2,Top 50 Exterior Colors
570,Top 50 Colors,2729,2,Top 50 Exterior Colors
571,Top 50 Colors,2698,2,Top 50 Exterior Colors
572,Top 50 Colors,2723,2,Top 50 Exterior Colors
573,Top 50 Colors,2699,2,Top 50 Exterior Colors
574,Top 50 Colors,2980,2,Top 50 Exterior Colors
575,Top 50 Colors,2717,2,Top 50 Exterior Colors
576,Top 50 Colors,2710,2,Top 50 Exterior Colors
577,Top 50 Colors,2697,2,Top 50 Exterior Colors
578,Top 50 Colors,2748,2,Top 50 Exterior Colors
579,Top 50 Colors,2695,2,Top 50 Exterior Colors
580,Top 50 Colors,2693,2,Top 50 Exterior Colors
581,Top 50 Colors,2719,2,Top 50 Exterior Colors
582,Top 50 Colors,2701,2,Top 50 Exterior Colors
583,Top 50 Colors,2071,2,Top 50 Exterior Colors
584,Top 50 Colors,2749,2,Top 50 Exterior Colors
585,Top 50 Colors,2942,2,Top 50 Exterior Colors
586,Top 50 Colors,2724,2,Top 50 Exterior Colors
587,Top 50 Colors,2756,2,Top 50 Exterior Colors
588,Top 50 Colors,2975,2,Top 50 Exterior Colors
589,Top 50 Colors,2690,2,Top 50 Exterior Colors
590,Top 50 Colors,1598,2,Top 50 Exterior Colors
591,Top 50 Colors,2711,2,Top 50 Exterior Colors
592,Top 50 Colors,2747,2,Top 50 Exterior Colors
593,Top 50 Colors,2725,2,Top 50 Exterior Colors
594,Top 50 Colors,2745,2,Top 50 Exterior Colors
595,Top 50 Colors,2716,2,Top 50 Exterior Colors
596,Top 50 Colors,2692,2,Top 50 Exterior Colors
597,Top 50 Colors,2746,2,Top 50 Exterior Colors
598,Top 50 Colors,2872,2,Top 50 Exterior Colors
599,Top 50 Colors,2752,2,Top 50 Exterior Colors
600,Top 50 Colors,2718,2,Top 50 Exterior Colors
601,Top 50 Colors,2677,2,Top 50 Exterior Colors
602,Top 50 Colors,2727,2,Top 50 Exterior Colors
603,Top 50 Colors,2744,2,Top 50 Exterior Colors
604,Top 50 Colors,2726,2,Top 50 Exterior Colors
605,Top 50 Colors,2757,2,Top 50 Exterior Colors
606,Top 50 Colors,11346,2,Top 50 Exterior Colors
607,Top 50 Colors,2754,2,Top 50 Exterior Colors
608,Top 50 Colors,2712,2,Top 50 Exterior Colors
609,Top 50 Colors,2943,2,Top 50 Exterior Colors
610,Top 50 Colors,1835,2,Top 50 Exterior Colors
611,Top 50 Colors,2952,2,Top 50 Exterior Colors
612,ColorID,1602,1,Free Spirit
613,ColorID,1622,1,Free Spirit
614,ColorID,1736,1,Free Spirit
615,ColorID,1747,1,Free Spirit
616,ColorID,1803,1,Free Spirit
617,ColorID,2055,1,Free Spirit
618,ColorID,2090,1,Free Spirit
619,ColorID,2678,1,Free Spirit
620,ColorID,2857,1,Free Spirit
621,ColorID,2931,1,Free Spirit
622,ColorID,2946,1,Free Spirit
623,ColorID,3041,1,Free Spirit
624,ColorID,3049,1,Free Spirit
625,ColorID,11183,1,Free Spirit
626,ColorID,11266,1,Free Spirit
627,ColorID,11349,1,Free Spirit
628,ColorID,1603,2,Trendsetter
629,ColorID,1691,2,Trendsetter
630,ColorID,1737,2,Trendsetter
631,ColorID,1944,2,Trendsetter
632,ColorID,1989,2,Trendsetter
633,ColorID,2005,2,Trendsetter
634,ColorID,2105,2,Trendsetter
635,ColorID,2267,2,Trendsetter
636,ColorID,2376,2,Trendsetter
637,ColorID,2686,2,Trendsetter
638,ColorID,2703,2,Trendsetter
639,ColorID,2751,2,Trendsetter
640,ColorID,2937,2,Trendsetter
641,ColorID,11209,2,Trendsetter
642,ColorID,11331,2,Trendsetter
643,ColorID,11358,2,Trendsetter
644,ColorID,1595,3,Naturalist
645,ColorID,1818,3,Naturalist
646,ColorID,1895,3,Naturalist
647,ColorID,1924,3,Naturalist
648,ColorID,2693,3,Naturalist
649,ColorID,2726,3,Naturalist
650,ColorID,2735,3,Naturalist
651,ColorID,2740,3,Naturalist
652,ColorID,2743,3,Naturalist
653,ColorID,2873,3,Naturalist
654,ColorID,3032,3,Naturalist
655,ColorID,11207,3,Naturalist
656,ColorID,11304,3,Naturalist
657,ColorID,11321,3,Naturalist
658,ColorID,11345,3,Naturalist
659,ColorID,11353,3,Naturalist
660,ColorID,1580,4,Minimalist
661,ColorID,1598,4,Minimalist
662,ColorID,1642,4,Minimalist
663,ColorID,1689,4,Minimalist
664,ColorID,1692,4,Minimalist
665,ColorID,1719,4,Minimalist
666,ColorID,1730,4,Minimalist
667,ColorID,1933,4,Minimalist
668,ColorID,2685,4,Minimalist
669,ColorID,2711,4,Minimalist
670,ColorID,2729,4,Minimalist
671,ColorID,2739,4,Minimalist
672,ColorID,2953,4,Minimalist
673,ColorID,2959,4,Minimalist
674,ColorID,2967,4,Minimalist
675,ColorID,11348,4,Minimalist
676,ColorID,1588,5,Creative
677,ColorID,1611,5,Creative
678,ColorID,2096,5,Creative
679,ColorID,2124,5,Creative
680,ColorID,2379,5,Creative
681,ColorID,2677,5,Creative
682,ColorID,2687,5,Creative
683,ColorID,2727,5,Creative
684,ColorID,2922,5,Creative
685,ColorID,2928,5,Creative
686,ColorID,2949,5,Creative
687,ColorID,3007,5,Creative
688,ColorID,11206,5,Creative
689,ColorID,11239,5,Creative
690,ColorID,11322,5,Creative
691,ColorID,11346,5,Creative
692,ColorID,1633,6,Enthusiast
693,ColorID,1748,6,Enthusiast
694,ColorID,1805,6,Enthusiast
695,ColorID,2063,6,Enthusiast
696,ColorID,2111,6,Enthusiast
697,ColorID,2707,6,Enthusiast
698,ColorID,2757,6,Enthusiast
699,ColorID,2872,6,Enthusiast
700,ColorID,2901,6,Enthusiast
701,ColorID,2908,6,Enthusiast
702,ColorID,2929,6,Enthusiast
703,ColorID,2971,6,Enthusiast
704,ColorID,3009,6,Enthusiast
705,ColorID,11289,6,Enthusiast
706,ColorID,11317,6,Enthusiast
707,ColorID,11370,6,Enthusiast
708,ColorID,1673,7,Nurturer
709,ColorID,1885,7,Nurturer
710,ColorID,2689,7,Nurturer
711,ColorID,2697,7,Nurturer
712,ColorID,2738,7,Nurturer
713,ColorID,2750,7,Nurturer
714,ColorID,2821,7,Nurturer
715,ColorID,2832,7,Nurturer
716,ColorID,2897,7,Nurturer
717,ColorID,2910,7,Nurturer
718,ColorID,2921,7,Nurturer
719,ColorID,2943,7,Nurturer
720,ColorID,2946,7,Nurturer
721,ColorID,2951,7,Nurturer
722,ColorID,11291,7,Nurturer
723,ColorID,11344,7,Nurturer
724,ColorID,1668,8,Dreamer
725,ColorID,1792,8,Dreamer
726,ColorID,1923,8,Dreamer
727,ColorID,2686,8,Dreamer
728,ColorID,2696,8,Dreamer
729,ColorID,2701,8,Dreamer
730,ColorID,2844,8,Dreamer
731,ColorID,2853,8,Dreamer
732,ColorID,2948,8,Dreamer
733,ColorID,2968,8,Dreamer
734,ColorID,2972,8,Dreamer
735,ColorID,11182,8,Dreamer
736,ColorID,11238,8,Dreamer
737,ColorID,11318,8,Dreamer
738,ColorID,11354,8,Dreamer
739,ColorID,11362,8,Dreamer
740,Color Forecast,1559,1,2024 Blues & Greens
741,Color Forecast,1895,1,2024 Blues & Greens
742,Color Forecast,1926,1,2024 Blues & Greens
743,Color Forecast,2114,1,2024 Blues & Greens
744,Color Forecast,2117,1,2024 Blues & Greens
745,Color Forecast,2196,1,2024 Blues & Greens
746,Color Forecast,2218,1,2024 Blues & Greens
747,Color Forecast,2489,1,2024 Blues & Greens
748,Color Forecast,11223,1,2024 Blues & Greens
749,Color Forecast,11310,1,2024 Blues & Greens
750,Color Forecast,11318,1,2024 Blues & Greens
751,Color Forecast,11328,1,2024 Blues & Greens
752,Color Forecast,1698,2,2024 Reds & Purples
753,Color Forecast,1704,2,2024 Reds & Purples
754,Color Forecast,1738,2,2024 Reds & Purples
755,Color Forecast,2014,2,2024 Reds & Purples
756,Color Forecast,2038,2,2024 Reds & Purples
757,Color Forecast,2299,2,2024 Reds & Purples
758,Color Forecast,2515,2,2024 Reds & Purples
759,Color Forecast,2542,2,2024 Reds & Purples
760,Color Forecast,2889,2,2024 Reds & Purples
761,Color Forecast,2895,2,2024 Reds & Purples
762,Color Forecast,11249,2,2024 Reds & Purples
763,Color Forecast,11261,2,2024 Reds & Purples
764,Color Forecast,1588,3,2024 Deeps & Darks
765,Color Forecast,1668,3,2024 Deeps & Darks
766,Color Forecast,1826,3,2024 Deeps & Darks
767,Color Forecast,1944,3,2024 Deeps & Darks
768,Color Forecast,2743,3,2024 Deeps & Darks
769,Color Forecast,2886,3,2024 Deeps & Darks
770,Color Forecast,2911,3,2024 Deeps & Darks
771,Color Forecast,2936,3,2024 Deeps & Darks
772,Color Forecast,2980,3,2024 Deeps & Darks
773,Color Forecast,2981,3,2024 Deeps & Darks
774,Color Forecast,3041,3,2024 Deeps & Darks
775,Color Forecast,11271,3,2024 Deeps & Darks
776,Color Forecast,1598,4,2024 Delicate Tints
777,Color Forecast,1757,4,2024 Delicate Tints
778,Color Forecast,1786,4,2024 Delicate Tints
779,Color Forecast,2685,4,2024 Delicate Tints
780,Color Forecast,2738,4,2024 Delicate Tints
781,Color Forecast,2876,4,2024 Delicate Tints
782,Color Forecast,2927,4,2024 Delicate Tints
783,Color Forecast,2938,4,2024 Delicate Tints
784,Color Forecast,2944,4,2024 Delicate Tints
785,Color Forecast,2972,4,2024 Delicate Tints
786,Color Forecast,11346,4,2024 Delicate Tints
787,Color Forecast,11370,4,2024 Delicate Tints
788,Color Forecast,1630,5,2023 Biome
789,Color Forecast,2729,5,2023 Biome
790,Color Forecast,2807,5,2023 Biome
791,Color Forecast,2927,5,2023 Biome
792,Color Forecast,2928,5,2023 Biome
793,Color Forecast,2931,5,2023 Biome
794,Color Forecast,2991,5,2023 Biome
795,Color Forecast,11291,5,2023 Biome
796,Color Forecast,11310,5,2023 Biome
797,Color Forecast,11353,5,2023 Biome
798,Color Forecast,1549,6,2023 Lore
799,Color Forecast,1605,6,2023 Lore
800,Color Forecast,1607,6,2023 Lore
801,Color Forecast,1967,6,2023 Lore
802,Color Forecast,2343,6,2023 Lore
803,Color Forecast,2384,6,2023 Lore
804,Color Forecast,2830,6,2023 Lore
805,Color Forecast,2886,6,2023 Lore
806,Color Forecast,2940,6,2023 Lore
807,Color Forecast,11361,6,2023 Lore
808,Color Forecast,1732,7,2023 Nexus
809,Color Forecast,1740,7,2023 Nexus
810,Color Forecast,1744,7,2023 Nexus
811,Color Forecast,1745,7,2023 Nexus
812,Color Forecast,2300,7,2023 Nexus
813,Color Forecast,2820,7,2023 Nexus
814,Color Forecast,2822,7,2023 Nexus
815,Color Forecast,11261,7,2023 Nexus
816,Color Forecast,11266,7,2023 Nexus
817,Color Forecast,11349,7,2023 Nexus
818,Color Forecast,1616,8,2023 Origin
819,Color Forecast,1979,8,2023 Origin
820,Color Forecast,2146,8,2023 Origin
821,Color Forecast,2218,8,2023 Origin
822,Color Forecast,2302,8,2023 Origin
823,Color Forecast,2591,8,2023 Origin
824,Color Forecast,2677,8,2023 Origin
825,Color Forecast,2686,8,2023 Origin
826,Color Forecast,2821,8,2023 Origin
827,Color Forecast,11370,8,2023 Origin
828,Color Forecast,1616,9,2022 Method
829,Color Forecast,1681,9,2022 Method
830,Color Forecast,2054,9,2022 Method
831,Color Forecast,2717,9,2022 Method
832,Color Forecast,2723,9,2022 Method
833,Color Forecast,2729,9,2022 Method
834,Color Forecast,11284,9,2022 Method
835,Color Forecast,11287,9,2022 Method
836,Color Forecast,11310,9,2022 Method
837,Color Forecast,1762,10,2022 Opus
838,Color Forecast,1920,10,2022 Opus
839,Color Forecast,1928,10,2022 Opus
840,Color Forecast,1930,10,2022 Opus
841,Color Forecast,2007,10,2022 Opus
842,Color Forecast,2750,10,2022 Opus
843,Color Forecast,2883,10,2022 Opus
844,Color Forecast,11182,10,2022 Opus
845,Color Forecast,11264,10,2022 Opus
846,Color Forecast,1612,11,2022 Dreamland
847,Color Forecast,1874,11,2022 Dreamland
848,Color Forecast,1976,11,2022 Dreamland
849,Color Forecast,2241,11,2022 Dreamland
850,Color Forecast,2528,11,2022 Dreamland
851,Color Forecast,11056,11,2022 Dreamland
852,Color Forecast,11218,11,2022 Dreamland
853,Color Forecast,11289,11,2022 Dreamland
854,Color Forecast,11351,11,2022 Dreamland
855,Color Forecast,1613,12,2022 Ephemera
856,Color Forecast,1679,12,2022 Ephemera
857,Color Forecast,1908,12,2022 Ephemera
858,Color Forecast,2112,12,2022 Ephemera
859,Color Forecast,2307,12,2022 Ephemera
860,Color Forecast,2689,12,2022 Ephemera
861,Color Forecast,2904,12,2022 Ephemera
862,Color Forecast,2929,12,2022 Ephemera
863,Color Forecast,11329,12,2022 Ephemera
